[
  {
    "companyName": "Tempo",
    "boardToken": "tempo"
  },
  {
    "companyName": "Astranis",
    "boardToken": "astranis"
  },
  {
    "companyName": "Benepass",
    "boardToken": "api"
  },
  {
    "companyName": "Kernal Biologics",
    "boardToken": "api"
  },
  {
    "companyName": "Luminate",
    "boardToken": "luminate"
  },
  {
    "companyName": "Hazel",
    "boardToken": "hazel"
  },
  {
    "companyName": "42",
    "boardToken": "42"
  },
  {
    "companyName": "AirBnb",
    "boardToken": "airbnb"
  },
  {
    "companyName": "Algolia",
    "boardToken": "algolia"
  },
  {
    "companyName": "Apptimize",
    "boardToken": "eu"
  },
  {
    "companyName": "Ark",
    "boardToken": "ark"
  },
  {
    "companyName": "Clever",
    "boardToken": "clever"
  },
  {
    "companyName": "Coinbase",
    "boardToken": "coinbase"
  },
  {
    "companyName": "Dropbox",
    "boardToken": "dropbox"
  },
  {
    "companyName": "Fivetran",
    "boardToken": "fivetran"
  },
  {
    "companyName": "GoCardless",
    "boardToken": "gocardless"
  },
  {
    "companyName": "Instacart",
    "boardToken": "instacart"
  },
  {
    "companyName": "Lob",
    "boardToken": "lob"
  },
  {
    "companyName": "MemSQL",
    "boardToken": "singlestore"
  },
  {
    "companyName": "Mixpanel",
    "boardToken": "mixpanel"
  },
  {
    "companyName": "Noora Health",
    "boardToken": "api"
  },
  {
    "companyName": "Octopart",
    "boardToken": "altium"
  },
  {
    "companyName": "PagerDuty",
    "boardToken": "pagerduty"
  },
  {
    "companyName": "Panorama Education",
    "boardToken": "panoramaed"
  },
  {
    "companyName": "Goldbely",
    "boardToken": "goldbelly"
  },
  {
    "companyName": "Retool",
    "boardToken": "retool"
  },
  {
    "companyName": "Standard AI",
    "boardToken": "standard"
  },
  {
    "companyName": "Meru Health",
    "boardToken": "meruhealth"
  },
  {
    "companyName": "Papa",
    "boardToken": "papa"
  },
  {
    "companyName": "Cherry",
    "boardToken": "cherry"
  },
  {
    "companyName": "Refer.ly",
    "boardToken": "refer"
  },
  {
    "companyName": "SmartAsset",
    "boardToken": "smartasset"
  },
  {
    "companyName": "Stripe",
    "boardToken": "stripe"
  },
  {
    "companyName": "Submittable",
    "boardToken": "submittable"
  },
  {
    "companyName": "Survata",
    "boardToken": "survata"
  },
  {
    "companyName": "Vidyard",
    "boardToken": "vidyard"
  },
  {
    "companyName": "Weave",
    "boardToken": "weave"
  },
  {
    "companyName": "Webflow",
    "boardToken": "webflow"
  },
  {
    "companyName": "ZeroCater",
    "boardToken": "zerocater"
  },
  {
    "companyName": "Gusto",
    "boardToken": "gusto"
  },
  {
    "companyName": "Amplitude",
    "boardToken": "amplitude"
  },
  {
    "companyName": "Clutch",
    "boardToken": "clutch"
  },
  {
    "companyName": "HackerRank",
    "boardToken": "hackerrank"
  },
  {
    "companyName": "Genius",
    "boardToken": "genius"
  },
  {
    "companyName": "Realm",
    "boardToken": "realm"
  },
  {
    "companyName": "SingleStore",
    "boardToken": "singlestore"
  },
  {
    "companyName": "Zencoder",
    "boardToken": "zencoder"
  },
  {
    "companyName": "Panorama Education",
    "boardToken": "api"
  },
  {
    "companyName": "42",
    "boardToken": "42"
  },
  {
    "companyName": "Flexport",
    "boardToken": "flexport"
  },
  {
    "companyName": "MBX",
    "boardToken": "us"
  },
  {
    "companyName": "Snapdocs",
    "boardToken": "snapdocs"
  },
  {
    "companyName": "Algolia",
    "boardToken": "algolia"
  },
  {
    "companyName": "Checkr",
    "boardToken": "checkr"
  },
  {
    "companyName": "Clara Labs",
    "boardToken": "clara"
  },
  {
    "companyName": "Clear",
    "boardToken": "clear"
  },
  {
    "companyName": "Alchemy",
    "boardToken": "alchemy"
  },
  {
    "companyName": "PicnicHealth",
    "boardToken": "picnichealth"
  },
  {
    "companyName": "Cheddar",
    "boardToken": "cheddar"
  },
  {
    "companyName": "SFOX",
    "boardToken": "sfox"
  },
  {
    "companyName": "UserGems",
    "boardToken": "usergems"
  },
  {
    "companyName": "Hive",
    "boardToken": "hive"
  },
  {
    "companyName": "Weave",
    "boardToken": "weave"
  },
  {
    "companyName": "Ginkgo Bioworks",
    "boardToken": "ginkgobioworks"
  },
  {
    "companyName": "A Thinking Ape",
    "boardToken": "athinkingape"
  },
  {
    "companyName": "Reddit",
    "boardToken": "reddit"
  },
  {
    "companyName": "Twitch",
    "boardToken": "twitch"
  },
  {
    "companyName": "Mattermost",
    "boardToken": "mattermost"
  },
  {
    "companyName": "Clever",
    "boardToken": "clever"
  },
  {
    "companyName": "Coinbase",
    "boardToken": "coinbase"
  },
  {
    "companyName": "Submittable",
    "boardToken": "submittable"
  },
  {
    "companyName": "Benchling",
    "boardToken": "benchling"
  },
  {
    "companyName": "Thread",
    "boardToken": "thread"
  },
  {
    "companyName": "Instacart",
    "boardToken": "instacart"
  },
  {
    "companyName": "RADAR",
    "boardToken": "radar"
  },
  {
    "companyName": "Oklo",
    "boardToken": "oklo"
  },
  {
    "companyName": "Helion Energy",
    "boardToken": "helionenergy"
  },
  {
    "companyName": "Qventus",
    "boardToken": "qventus"
  },
  {
    "companyName": "Akido Labs",
    "boardToken": "akidolabs"
  },
  {
    "companyName": "Mezmo",
    "boardToken": "mezmo"
  },
  {
    "companyName": "Magic",
    "boardToken": "magic"
  },
  {
    "companyName": "SIRUM",
    "boardToken": "sirum"
  },
  {
    "companyName": "Remix",
    "boardToken": "api"
  },
  {
    "companyName": "GitLab",
    "boardToken": "gitlab"
  },
  {
    "companyName": "Seed",
    "boardToken": "seed"
  },
  {
    "companyName": "Flip",
    "boardToken": "flip"
  },
  {
    "companyName": "Assembly",
    "boardToken": "asm"
  },
  {
    "companyName": "PartnerStack",
    "boardToken": "partnerstack"
  },
  {
    "companyName": "Stitch Health",
    "boardToken": "stitch"
  },
  {
    "companyName": "Apollo Health",
    "boardToken": "apollo"
  },
  {
    "companyName": "Bluecrew",
    "boardToken": "bluecrewjobs"
  },
  {
    "companyName": "GiveCampus",
    "boardToken": "givecampus"
  },
  {
    "companyName": "Xendit",
    "boardToken": "xendit"
  },
  {
    "companyName": "Fetch",
    "boardToken": "fetch"
  },
  {
    "companyName": "Bitmovin",
    "boardToken": "bitmovin"
  },
  {
    "companyName": "Instawork",
    "boardToken": "instawork"
  },
  {
    "companyName": "Human Interest",
    "boardToken": "humaninterest"
  },
  {
    "companyName": "Lattice",
    "boardToken": "lattice"
  },
  {
    "companyName": "Outschool",
    "boardToken": "outschool"
  },
  {
    "companyName": "UpLabs",
    "boardToken": "uplabs"
  },
  {
    "companyName": "Truebill",
    "boardToken": "truebill"
  },
  {
    "companyName": "Paystack",
    "boardToken": "paystack"
  },
  {
    "companyName": "Podium",
    "boardToken": "podium81"
  },
  {
    "companyName": "Salt Security",
    "boardToken": "saltsecurity"
  },
  {
    "companyName": "NURX",
    "boardToken": "thirtymadison"
  },
  {
    "companyName": "Sendbird",
    "boardToken": "sendbird"
  },
  {
    "companyName": "BillionToOne",
    "boardToken": "billiontoone"
  },
  {
    "companyName": "CareRev",
    "boardToken": "carerev"
  },
  {
    "companyName": "Iris Automation",
    "boardToken": "irisautomation"
  },
  {
    "companyName": "Nova Credit",
    "boardToken": "novacredit"
  },
  {
    "companyName": "Women Who Code",
    "boardToken": "womenwhocode"
  },
  {
    "companyName": "garten",
    "boardToken": "garten"
  },
  {
    "companyName": "Pursuit",
    "boardToken": "pursuit"
  },
  {
    "companyName": "Legalist",
    "boardToken": "legalist"
  },
  {
    "companyName": "CrowdAI",
    "boardToken": "benepass"
  },
  {
    "companyName": "Saleswhale",
    "boardToken": "saleswhale"
  },
  {
    "companyName": "Scale AI",
    "boardToken": "scaleai"
  },
  {
    "companyName": "Bird",
    "boardToken": "bird"
  },
  {
    "companyName": "Ledger Investing",
    "boardToken": "ledgerinvesting"
  },
  {
    "companyName": "Pulse",
    "boardToken": "pulse"
  },
  {
    "companyName": "Clipboard",
    "boardToken": "clipboard"
  },
  {
    "companyName": "Ambient.ai",
    "boardToken": "ambient"
  },
  {
    "companyName": "Tetra",
    "boardToken": "tetra"
  },
  {
    "companyName": "AON3D",
    "boardToken": "aon3d"
  },
  {
    "companyName": "NanoNets",
    "boardToken": "nanonets"
  },
  {
    "companyName": "UpKeep",
    "boardToken": "upkeep"
  },
  {
    "companyName": "Faire",
    "boardToken": "faire"
  },
  {
    "companyName": "Brex",
    "boardToken": "brex"
  },
  {
    "companyName": "ACLU",
    "boardToken": "aclu"
  },
  {
    "companyName": "FAZZ",
    "boardToken": "fazz"
  },
  {
    "companyName": "Long Term Stock Exchange",
    "boardToken": "ltse"
  },
  {
    "companyName": "UpCodes",
    "boardToken": "up"
  },
  {
    "companyName": "Roofr",
    "boardToken": "roofr"
  },
  {
    "companyName": "Carrot Fertility",
    "boardToken": "carrotfertility"
  },
  {
    "companyName": "Truepill",
    "boardToken": "truepill"
  },
  {
    "companyName": "Tesseract",
    "boardToken": "tesseract"
  },
  {
    "companyName": "OneLocal",
    "boardToken": "onelocal"
  },
  {
    "companyName": "May Mobility",
    "boardToken": "maymobility"
  },
  {
    "companyName": "Polly",
    "boardToken": "polly"
  },
  {
    "companyName": "AssemblyAI",
    "boardToken": "assemblyai"
  },
  {
    "companyName": "Jasper.ai",
    "boardToken": "jasper"
  },
  {
    "companyName": "Pulse",
    "boardToken": "pulse"
  },
  {
    "companyName": "Modern Health",
    "boardToken": "modernhealth"
  },
  {
    "companyName": "Squad",
    "boardToken": "squad"
  },
  {
    "companyName": "Treasury Prime",
    "boardToken": "treasuryprime"
  },
  {
    "companyName": "Pelago",
    "boardToken": "pelago"
  },
  {
    "companyName": "Groww",
    "boardToken": "groww"
  },
  {
    "companyName": "Culture Biosciences",
    "boardToken": "culturebiosciences"
  },
  {
    "companyName": "Veriff",
    "boardToken": "veriff"
  },
  {
    "companyName": "Swayable",
    "boardToken": "swayable"
  },
  {
    "companyName": "Snackpass",
    "boardToken": "snackpass"
  },
  {
    "companyName": "Honeylove",
    "boardToken": "honeylove"
  },
  {
    "companyName": "Quo (fka OpenPhone)",
    "boardToken": "api"
  },
  {
    "companyName": "Pine Park Health",
    "boardToken": "pineparkhealth"
  },
  {
    "companyName": "Prodigal",
    "boardToken": "prodigal"
  },
  {
    "companyName": "Momentus",
    "boardToken": "momentus"
  },
  {
    "companyName": "Grin",
    "boardToken": "grin"
  },
  {
    "companyName": "Mutiny",
    "boardToken": "mutiny"
  },
  {
    "companyName": "Enveritas",
    "boardToken": "enveritas"
  },
  {
    "companyName": "Kalshi",
    "boardToken": "kalshi"
  },
  {
    "companyName": "Postscript",
    "boardToken": "postscript"
  },
  {
    "companyName": "Nabis",
    "boardToken": "nabis"
  },
  {
    "companyName": "Demodesk",
    "boardToken": "eu"
  },
  {
    "companyName": "Caribou",
    "boardToken": "caribou"
  },
  {
    "companyName": "Cocoon",
    "boardToken": "cocoon"
  },
  {
    "companyName": "Heart Aerospace",
    "boardToken": "heartaerospace"
  },
  {
    "companyName": "Dagger",
    "boardToken": "dagger"
  },
  {
    "companyName": "Alpaca",
    "boardToken": "alpaca"
  },
  {
    "companyName": "Emi Labs",
    "boardToken": "emi"
  },
  {
    "companyName": "Glide",
    "boardToken": "glide"
  },
  {
    "companyName": "1910 Genetics",
    "boardToken": "1910genetics"
  },
  {
    "companyName": "Odeko",
    "boardToken": "odeko"
  },
  {
    "companyName": "Zeal",
    "boardToken": "api"
  },
  {
    "companyName": "Pair Team",
    "boardToken": "pairteam"
  },
  {
    "companyName": "Lucid Bots",
    "boardToken": "lucidbots"
  },
  {
    "companyName": "TRM Labs",
    "boardToken": "trmlabs"
  },
  {
    "companyName": "Prolific",
    "boardToken": "prolific"
  },
  {
    "companyName": "Embrace",
    "boardToken": "embrace"
  },
  {
    "companyName": "Revel",
    "boardToken": "revel"
  },
  {
    "companyName": "Rosebud AI",
    "boardToken": "rosebud"
  },
  {
    "companyName": "CoLab",
    "boardToken": "colabsoftware"
  },
  {
    "companyName": "Vendr",
    "boardToken": "api"
  },
  {
    "companyName": "Karat Financial",
    "boardToken": "trykarat"
  },
  {
    "companyName": "LAIKA",
    "boardToken": "laika"
  },
  {
    "companyName": "Hightouch",
    "boardToken": "hightouch"
  },
  {
    "companyName": "Recidiviz",
    "boardToken": "recidiviz"
  },
  {
    "companyName": "Pulley",
    "boardToken": "pulley"
  },
  {
    "companyName": "Ophelia",
    "boardToken": "ophelia"
  },
  {
    "companyName": "MindsDB",
    "boardToken": "mindsdb"
  },
  {
    "companyName": "Segmed",
    "boardToken": "api"
  },
  {
    "companyName": "Pantheon",
    "boardToken": "pantheon"
  },
  {
    "companyName": "Haven",
    "boardToken": "haven"
  },
  {
    "companyName": "General Proximity",
    "boardToken": "generalproximity"
  },
  {
    "companyName": "Turing Labs Inc.",
    "boardToken": "turing"
  },
  {
    "companyName": "Cortex",
    "boardToken": "cortex"
  },
  {
    "companyName": "Vori",
    "boardToken": "api"
  },
  {
    "companyName": "Nimbus",
    "boardToken": "nimbus"
  },
  {
    "companyName": "Trident Bioscience",
    "boardToken": "trident"
  },
  {
    "companyName": "Able",
    "boardToken": "able"
  },
  {
    "companyName": "SEND",
    "boardToken": "send"
  },
  {
    "companyName": "Syncro",
    "boardToken": "syncro"
  },
  {
    "companyName": "Airbyte",
    "boardToken": "airbyte"
  },
  {
    "companyName": "Ansa Biotechnologies",
    "boardToken": "ansabiotechnologies"
  },
  {
    "companyName": "Momence",
    "boardToken": "momence"
  },
  {
    "companyName": "Gather",
    "boardToken": "gather"
  },
  {
    "companyName": "Seam",
    "boardToken": "seam"
  },
  {
    "companyName": "Pave",
    "boardToken": "paveakatroveinformationtechnologies"
  },
  {
    "companyName": "Daybreak Health",
    "boardToken": "daybreakhealth"
  },
  {
    "companyName": "Mesh",
    "boardToken": "mesh"
  },
  {
    "companyName": "Vitable Health",
    "boardToken": "vitablehealth"
  },
  {
    "companyName": "CarbonChain",
    "boardToken": "carbonchain"
  },
  {
    "companyName": "Ready",
    "boardToken": "ready"
  },
  {
    "companyName": "Gather",
    "boardToken": "gather"
  },
  {
    "companyName": "Gigs Live",
    "boardToken": "gigs"
  },
  {
    "companyName": "Nourish",
    "boardToken": "usenourish"
  },
  {
    "companyName": "Axiom.ai",
    "boardToken": "axiom"
  },
  {
    "companyName": "Rinsed",
    "boardToken": "rinsed"
  },
  {
    "companyName": "Noble",
    "boardToken": "noble"
  },
  {
    "companyName": "Nimbus",
    "boardToken": "nimbus"
  },
  {
    "companyName": "Tint",
    "boardToken": "tintai"
  },
  {
    "companyName": "Seer",
    "boardToken": "seer"
  },
  {
    "companyName": "Camp",
    "boardToken": "camp"
  },
  {
    "companyName": "Ziina",
    "boardToken": "ziina"
  },
  {
    "companyName": "FlutterFlow",
    "boardToken": "flutterflow"
  },
  {
    "companyName": "Galaxy",
    "boardToken": "galaxy"
  },
  {
    "companyName": "REGENT",
    "boardToken": "regent"
  },
  {
    "companyName": "Gigs",
    "boardToken": "gigs"
  },
  {
    "companyName": "Prospa",
    "boardToken": "prospa"
  },
  {
    "companyName": "MarqVision",
    "boardToken": "marqvision"
  },
  {
    "companyName": "Clear",
    "boardToken": "clear"
  },
  {
    "companyName": "Bloom",
    "boardToken": "bloom"
  },
  {
    "companyName": "Shepherd",
    "boardToken": "shepherd"
  },
  {
    "companyName": "Journey",
    "boardToken": "journey"
  },
  {
    "companyName": "Inversion Space",
    "boardToken": "inversionspace"
  },
  {
    "companyName": "Rootly",
    "boardToken": "rootly"
  },
  {
    "companyName": "Parallel Bio",
    "boardToken": "parallel"
  },
  {
    "companyName": "Nexus",
    "boardToken": "nexus"
  },
  {
    "companyName": "Apollo",
    "boardToken": "apollo"
  },
  {
    "companyName": "Nira Energy",
    "boardToken": "niraenergy"
  },
  {
    "companyName": "Coast",
    "boardToken": "coast"
  },
  {
    "companyName": "Bolster",
    "boardToken": "bolster"
  },
  {
    "companyName": "Dots 💸",
    "boardToken": "dots"
  },
  {
    "companyName": "Baubap",
    "boardToken": "baubap"
  },
  {
    "companyName": "Medium Biosciences",
    "boardToken": "medium"
  },
  {
    "companyName": "Apollo",
    "boardToken": "apollo"
  },
  {
    "companyName": "Hubble Network",
    "boardToken": "hubblenetwork"
  },
  {
    "companyName": "Cherry Recommends",
    "boardToken": "cherry"
  },
  {
    "companyName": "Proper",
    "boardToken": "proper"
  },
  {
    "companyName": "Sei",
    "boardToken": "sei"
  },
  {
    "companyName": "Lifted",
    "boardToken": "lifted"
  },
  {
    "companyName": "Pursuit",
    "boardToken": "pursuit"
  },
  {
    "companyName": "Orca",
    "boardToken": "orca"
  },
  {
    "companyName": "Beam",
    "boardToken": "beam"
  },
  {
    "companyName": "Agency",
    "boardToken": "agency"
  },
  {
    "companyName": "Attain",
    "boardToken": "attain"
  },
  {
    "companyName": "Spade",
    "boardToken": "spade"
  },
  {
    "companyName": "Koko",
    "boardToken": "koko"
  },
  {
    "companyName": "Circular",
    "boardToken": "eu"
  },
  {
    "companyName": "Magic",
    "boardToken": "magic"
  },
  {
    "companyName": "Alma",
    "boardToken": "alma"
  },
  {
    "companyName": "Array Labs",
    "boardToken": "array"
  },
  {
    "companyName": "Novig",
    "boardToken": "novig"
  },
  {
    "companyName": "Raven",
    "boardToken": "raven"
  },
  {
    "companyName": "Manatee",
    "boardToken": "manatee"
  },
  {
    "companyName": "Pump.co",
    "boardToken": "pumpcareers"
  },
  {
    "companyName": "Shelf",
    "boardToken": "shelf"
  },
  {
    "companyName": "Axle",
    "boardToken": "axle"
  },
  {
    "companyName": "Reflex",
    "boardToken": "reflex"
  },
  {
    "companyName": "Cardinal",
    "boardToken": "cardinal"
  },
  {
    "companyName": "Rollstack",
    "boardToken": "rollstack"
  },
  {
    "companyName": "Latent",
    "boardToken": "latent"
  },
  {
    "companyName": "Alloy",
    "boardToken": "alloy"
  },
  {
    "companyName": "Haven",
    "boardToken": "haven"
  },
  {
    "companyName": "Extend",
    "boardToken": "extend"
  },
  {
    "companyName": "SPRX",
    "boardToken": "sprx"
  },
  {
    "companyName": "Thread",
    "boardToken": "thread"
  },
  {
    "companyName": "Edge",
    "boardToken": "edge"
  },
  {
    "companyName": "Warp",
    "boardToken": "warp"
  },
  {
    "companyName": "Yuma AI",
    "boardToken": "yuma"
  },
  {
    "companyName": "Cardinal",
    "boardToken": "cardinal"
  },
  {
    "companyName": "Nectar",
    "boardToken": "nectar"
  },
  {
    "companyName": "Diligent",
    "boardToken": "diligent"
  },
  {
    "companyName": "Affinity",
    "boardToken": "affinity"
  },
  {
    "companyName": "Glide",
    "boardToken": "glide"
  },
  {
    "companyName": "Onyx",
    "boardToken": "onyx"
  },
  {
    "companyName": "Flex",
    "boardToken": "flex"
  },
  {
    "companyName": "Navier AI",
    "boardToken": "navierai"
  },
  {
    "companyName": "Stitch Technologies",
    "boardToken": "stitch"
  },
  {
    "companyName": "Poka Labs",
    "boardToken": "poka"
  },
  {
    "companyName": "Momentic",
    "boardToken": "momentic"
  },
  {
    "companyName": "Paradigm",
    "boardToken": "paradigm"
  },
  {
    "companyName": "14.ai",
    "boardToken": "14"
  },
  {
    "companyName": "Parallel",
    "boardToken": "parallel"
  },
  {
    "companyName": "Soundry AI",
    "boardToken": "soundry"
  },
  {
    "companyName": "Village Labs",
    "boardToken": "village"
  },
  {
    "companyName": "Conductor",
    "boardToken": "conductor"
  },
  {
    "companyName": "Symphony",
    "boardToken": "symphony"
  },
  {
    "companyName": "Fresco",
    "boardToken": "fresco"
  },
  {
    "companyName": "Sunset",
    "boardToken": "sunset"
  },
  {
    "companyName": "Canvas",
    "boardToken": "canvas"
  },
  {
    "companyName": "Axiom",
    "boardToken": "axiom"
  },
  {
    "companyName": "Weave",
    "boardToken": "weave"
  },
  {
    "companyName": "Osmosis",
    "boardToken": "osmosis"
  },
  {
    "companyName": "Strike",
    "boardToken": "strike"
  },
  {
    "companyName": "Mesh",
    "boardToken": "mesh"
  },
  {
    "companyName": "Retrofit",
    "boardToken": "retrofit"
  },
  {
    "companyName": "Lightbox",
    "boardToken": "lightbox"
  },
  {
    "companyName": "Golf",
    "boardToken": "golf"
  },
  {
    "companyName": "Luminate",
    "boardToken": "luminate"
  },
  {
    "companyName": "Shepherd",
    "boardToken": "shepherd"
  },
  {
    "companyName": "Understood Care",
    "boardToken": "understoodcare"
  },
  {
    "companyName": "Sage",
    "boardToken": "sage"
  },
  {
    "companyName": "Atum Works",
    "boardToken": "atumworks"
  },
  {
    "companyName": "Plume",
    "boardToken": "plume"
  },
  {
    "companyName": "Pulse",
    "boardToken": "pulse"
  },
  {
    "companyName": "Saturn",
    "boardToken": "saturn"
  },
  {
    "companyName": "Emergent",
    "boardToken": "emergentlabsinc"
  },
  {
    "companyName": "Pinnacle",
    "boardToken": "pinnacle"
  },
  {
    "companyName": "Sensei",
    "boardToken": "sensei"
  },
  {
    "companyName": "Helium",
    "boardToken": "helium"
  },
  {
    "companyName": "Orca",
    "boardToken": "orca"
  },
  {
    "companyName": "Sterling Labs, Inc",
    "boardToken": "sterling"
  },
  {
    "companyName": "Quetzal",
    "boardToken": "quetzal"
  },
  {
    "companyName": "Bloom",
    "boardToken": "bloom"
  },
  {
    "companyName": "Attune",
    "boardToken": "attune"
  },
  {
    "companyName": "Zero",
    "boardToken": "zero"
  },
  {
    "companyName": "Keystone",
    "boardToken": "keystone"
  },
  {
    "companyName": "b-12",
    "boardToken": "b12"
  },
  {
    "companyName": "burnt",
    "boardToken": "burnt"
  },
  {
    "companyName": "Nexus",
    "boardToken": "nexus"
  },
  {
    "companyName": "Iris",
    "boardToken": "iris"
  },
  {
    "companyName": "Goldbelly",
    "boardToken": "goldbelly"
  },
  {
    "companyName": "Nucleo",
    "boardToken": "nucleo"
  },
  {
    "companyName": "Icarus",
    "boardToken": "icarus"
  },
  {
    "companyName": "HubSpot",
    "boardToken": "hubspot"
  },
  {
    "companyName": "Hootsuite",
    "boardToken": "hootsuite"
  },
  {
    "companyName": "Mailchimp",
    "boardToken": "mailchimp"
  },
  {
    "companyName": "Sprout Social",
    "boardToken": "sproutsocial"
  },
  {
    "companyName": "Buffer",
    "boardToken": "buffer"
  },
  {
    "companyName": "Canva",
    "boardToken": "canva"
  },
  {
    "companyName": "Later",
    "boardToken": "latermedia"
  },
  {
    "companyName": "Buzzfeed",
    "boardToken": "buzzfeed"
  },
  {
    "companyName": "Vox Media",
    "boardToken": "voxmedia"
  },
  {
    "companyName": "Vice Media",
    "boardToken": "vice"
  },
  {
    "companyName": "The Atlantic",
    "boardToken": "theatlantic"
  },
  {
    "companyName": "Condé Nast",
    "boardToken": "condenast"
  },
  {
    "companyName": "Shutterstock",
    "boardToken": "shutterstock"
  },
  {
    "companyName": "Squarespace",
    "boardToken": "squarespace"
  },
  {
    "companyName": "Wix",
    "boardToken": "wix"
  },
  {
    "companyName": "Adobe",
    "boardToken": "adobe"
  },
  {
    "companyName": "Figma",
    "boardToken": "figma"
  },
  {
    "companyName": "InVision",
    "boardToken": "invision"
  },
  {
    "companyName": "Dribbble",
    "boardToken": "dribbble"
  },
  {
    "companyName": "Behance",
    "boardToken": "behance"
  },
  {
    "companyName": "Gartner",
    "boardToken": "gartner"
  },
  {
    "companyName": "Nielsen",
    "boardToken": "nielsen"
  },
  {
    "companyName": "Ipsos",
    "boardToken": "ipsos"
  },
  {
    "companyName": "Edelman",
    "boardToken": "edelman"
  },
  {
    "companyName": "Ogilvy",
    "boardToken": "ogilvy"
  },
  {
    "companyName": "TBWA",
    "boardToken": "tbwa"
  },
  {
    "companyName": "Leo Burnett",
    "boardToken": "leoburnett"
  },
  {
    "companyName": "Dentsu",
    "boardToken": "dentsu"
  },
  {
    "companyName": "Publicis",
    "boardToken": "publicis"
  },
  {
    "companyName": "WPP",
    "boardToken": "wpp"
  },
  {
    "companyName": "IPG",
    "boardToken": "interpublicgroup"
  },
  {
    "companyName": "Sephora",
    "boardToken": "sephora"
  },
  {
    "companyName": "Ulta Beauty",
    "boardToken": "ultabeauty"
  },
  {
    "companyName": "L'Oréal",
    "boardToken": "loreal"
  },
  {
    "companyName": "Estée Lauder",
    "boardToken": "elcompanies"
  },
  {
    "companyName": "Glossier",
    "boardToken": "glossier"
  },
  {
    "companyName": "Fenty Beauty",
    "boardToken": "fenty"
  }
]