[
    {
        "name": "Stack Overflow Jobs",
        "feedUrl": "https://stackoverflow.com/jobs/feed",
        "defaultCompany": "Stack Overflow",
        "defaultLocation": null,
        "trustLevel": "high"
    },
    {
        "name": "We Work Remotely",
        "feedUrl": "https://weworkremotely.com/feed",
        "defaultCompany": "We Work Remotely",
        "defaultLocation": "Remote",
        "trustLevel": "high"
    },
    {
        "name": "Dev.to Jobs",
        "feedUrl": "https://dev.to/api/articles?tag=jobs",
        "defaultCompany": "Dev.to",
        "defaultLocation": null,
        "trustLevel": "medium"
    },
    {
        "name": "Dribbble Jobs",
        "feedUrl": "https://dribbble.com/jobs/feed",
        "defaultCompany": "Dribbble",
        "defaultLocation": null,
        "trustLevel": "medium"
    },
    {
        "name": "ProBlogger",
        "feedUrl": "https://www.problogger.com/feed/",
        "defaultCompany": "ProBlogger",
        "defaultLocation": "Remote",
        "trustLevel": "medium"
    },
    {
        "name": "Authentic Jobs",
        "feedUrl": "https://www.authenticjobs.com/feed/",
        "defaultCompany": "Authentic Jobs",
        "defaultLocation": null,
        "trustLevel": "medium"
    },
    {
        "name": "HubSpot Careers",
        "feedUrl": "https://www.hubspot.com/company/careers",
        "defaultCompany": "HubSpot",
        "defaultLocation": null,
        "trustLevel": "high"
    },
    {
        "name": "Mediabistro",
        "feedUrl": "https://www.mediabistro.com/rss-feeds/",
        "defaultCompany": "Various",
        "defaultLocation": "US",
        "trustLevel": "medium"
    },
    {
        "name": "Built In Marketing",
        "feedUrl": "https://builtin.com/jobs/marketing/feed",
        "defaultCompany": "Various",
        "defaultLocation": "US",
        "trustLevel": "high"
    },
    {
        "name": "Marketing Jobs",
        "feedUrl": "https://www.marketingjobs.com/feed/",
        "defaultCompany": "Various",
        "defaultLocation": "US",
        "trustLevel": "medium"
    },
    {
        "name": "Content Marketing Institute",
        "feedUrl": "https://contentmarketinginstitute.com/jobs/feed/",
        "defaultCompany": "Various",
        "defaultLocation": "Remote",
        "trustLevel": "medium"
    }
]